id,title,year,rating,votes,genres
m0,10 things i hate about you,1999,6.90,62847,['comedy', 'romance']
m35,blast from the past,1999,6.40,23489,['comedy', 'drama', 'romance']
m178,sideways,2004,7.80,70349,['comedy', 'drama', 'romance']
m217,there's something about mary,1998,7.20,97546,['comedy', 'romance']
m240,american pie,1999,6.90,107961,['comedy', 'romance']
m249,as good as it gets,1997,7.80,93201,['comedy', 'drama', 'romance']
m316,dave,1993,6.80,20807,['comedy', 'romance']
m452,my best friend's wedding,1997,6.20,37682,['comedy', 'romance']
m458,never been kissed,1999,5.70,27409,['comedy', 'drama', 'romance']
m462,notting hill,1999,6.90,67217,['comedy', 'romance']
m464,only you,1994,6.20,6620,['comedy', 'romance']
m498,runaway bride,1999,5.20,28793,['comedy', 'romance']
m499,sleepless in seattle,1993,6.60,44179,['comedy', 'romance', 'drama']
m523,the wedding date,2005,5.50,12340,['comedy', 'romance']