id,title,year,rating,votes,genres
m0,10 things i hate about you,1999,6.90,62847,['comedy', 'romance']
m12,airplane ii: the sequel,1982,5.80,15210,['comedy', 'romance', 'sci-fi']
m13,airplane!,1980,7.80,57692,['comedy', 'romance']
m24,bachelor party,1984,5.90,14050,['comedy', 'romance']
m31,birthday girl,2001,6.00,13497,['comedy', 'crime', 'romance', 'thriller']
m35,blast from the past,1999,6.40,23489,['comedy', 'drama', 'romance']
m56,even cowgirls get the blues,1993,4.00,3947,['comedy', 'drama', 'romance', 'western']
m59,fast times at ridgemont high,1982,7.20,31710,['comedy', 'drama', 'romance']
m77,the graduate,1967,8.20,79677,['comedy', 'drama', 'romance']
m84,harold and maude,1971,8.10,28689,['comedy', 'romance']
m88,high fidelity,2000,7.60,70464,['comedy', 'drama', 'music', 'romance']
m90,his girl friday,1940,8.10,20870,['comedy', 'drama', 'romance']
m102,intolerable cruelty,2003,6.40,36739,['comedy', 'romance', 'crime']
m103,it happened one night,1934,8.30,25577,['comedy', 'romance']
m121,little nicky,2000,5.00,35489,['fantasy', 'comedy', 'romance', 'animation', 'comedy', 'fantasy', 'horror']
m132,meet john doe,1941,7.70,4841,['comedy', 'drama', 'romance']
m137,monkeybone,2001,4.50,8258,['animation', 'comedy', 'fantasy', 'romance']
m140,mr. deeds goes to town,1936,8.00,7594,['comedy', 'romance']
m149,ninotchka,1939,7.90,6951,['comedy', 'romance']
m152,nurse betty,2000,6.40,20473,['comedy', 'crime', 'romance', 'thriller']
m161,platinum blonde,1931,6.90,1119,['comedy', 'romance']
m163,punch-drunk love,2002,7.40,50312,['comedy', 'drama', 'romance']
m178,sideways,2004,7.80,70349,['comedy', 'drama', 'romance']
m185,smokey and the bandit,1977,6.60,14147,['action', 'comedy', 'crime', 'romance']
m217,there's something about mary,1998,7.20,97546,['comedy', 'romance']
m240,american pie,1999,6.90,107961,['comedy', 'romance']
m241,an american werewolf in paris,1997,4.90,10158,['horror', 'romance', 'thriller', 'comedy']
m243,annie hall,1977,8.30,66781,['comedy', 'drama', 'romance']
m246,the apartment,1960,8.40,37301,['romance', 'comedy', 'drama']
m249,as good as it gets,1997,7.80,93201,['comedy', 'drama', 'romance']
m255,the adventures of buckaroo banzai across the 8th dimension,1984,6.00,10046,['adventure', 'romance', 'comedy', 'sci-fi']
m267,being john malkovich,1999,7.90,115008,['comedy', 'drama', 'fantasy', 'romance']
m285,broadcast news,1987,7.10,10559,['comedy', 'drama', 'romance']
m288,bull durham,1988,7.00,18941,['comedy', 'romance', 'sport']
m293,charade,1963,8.00,22815,['comedy', 'mystery', 'romance', 'thriller']
m297,nuovo cinema paradiso,1988,8.50,46801,['comedy', 'drama', 'romance']
m316,dave,1993,6.80,20807,['comedy', 'romance']
m344,the family man,2000,6.60,34509,['comedy', 'fantasy', 'drama', 'romance']
m352,the fisher king,1991,7.50,28310,['comedy', 'drama', 'romance']
m375,grosse pointe blank,1997,7.40,41877,['comedy', 'crime', 'romance', 'thriller']
m380,hannah and her sisters,1986,7.90,21088,['comedy', 'drama', 'romance']
m395,the hudsucker proxy,1994,7.40,32691,['comedy', 'drama', 'fantasy', 'romance']
m408,jerry maguire,1996,7.30,79706,['comedy', 'drama', 'romance', 'sport']
m444,moonstruck,1987,7.10,15879,['comedy', 'romance', 'drama']
m450,my girl 2,1994,4.80,5689,['comedy', 'drama', 'family', 'romance']
m451,my girl,1991,6.40,17967,['comedy', 'drama', 'family', 'romance']
m452,my best friend's wedding,1997,6.20,37682,['comedy', 'romance']
m458,never been kissed,1999,5.70,27409,['comedy', 'drama', 'romance']
m462,notting hill,1999,6.90,67217,['comedy', 'romance']
m464,only you,1994,6.20,6620,['comedy', 'romance']
m467,out of sight,1998,7.20,38595,['comedy', 'crime', 'romance', 'thriller']
m469,peggy sue got married,1986,6.30,12574,['comedy', 'drama', 'fantasy', 'romance']
m479,pretty woman,1990,6.70,61642,['comedy', 'romance']
m480,the princess bride,1987,8.10,125281,['adventure', 'comedy', 'family', 'fantasy', 'romance']
m498,runaway bride,1999,5.20,28793,['comedy', 'romance']
m499,sleepless in seattle,1993,6.60,44179,['comedy', 'romance', 'drama']
m503,say anything...,1989,7.50,25220,['comedy', 'drama', 'romance']
m511,shakespeare in love,1998,7.40,78654,['comedy', 'drama', 'romance']
m523,the wedding date,2005,5.50,12340,['comedy', 'romance']
m569,the thin man,1934,8.10,11936,['comedy', 'crime', 'drama', 'mystery', 'romance']
m573,trouble in paradise,1932,8.20,4781,['comedy', 'crime', 'romance']
m575,transatlantic merry-go-round,1934,6.90,53,['comedy', 'musical', 'mystery', 'romance']
m602,what women want,2000,6.30,55269,['comedy', 'fantasy', 'romance']